{
  "ate_mean_m": 1.8226363449781988,
  "ate_rmse_m": 2.0069440242381003,
  "ate_std_m": 0.840131579212169,
  "completeness_pct": 27.21227621483376,
  "delta_m": 10.0,
  "gt_poses": 1955,
  "matched_poses": 532,
  "rpe_rot_drift_deg_per_100m": 126.96173320781253,
  "rpe_rot_mean_deg": 12.696173320781252,
  "rpe_rot_rmse_deg": 26.80985156953479,
  "rpe_trans_drift_m_per_m": 1.9043952394780557,
  "rpe_trans_mean_m": 19.043952394780558,
  "rpe_trans_rmse_m": 46.65728856570624,
  "t_max_diff_s": 0.1
}